{"stats":{"minecraft:used":{"minecraft:redstone_torch":8,"minecraft:writable_book":3,"minecraft:repeater":10,"minecraft:redstone_lamp":9,"minecraft:written_book":4,"minecraft:red_wool":5,"minecraft:redstone":57,"minecraft:lectern":2,"minecraft:chest":2,"minecraft:white_concrete":16,"minecraft:yellow_wool":68},"minecraft:picked_up":{"minecraft:redstone_torch":1,"minecraft:written_book":1,"minecraft:redstone":1},"minecraft:custom":{"minecraft:time_since_rest":750303,"minecraft:open_chest":2,"minecraft:sprint_one_cm":12894,"minecraft:play_time":750303,"minecraft:walk_one_cm":24283,"minecraft:sneak_time":46615,"minecraft:drop":1,"minecraft:jump":275,"minecraft:leave_game":2,"minecraft:time_since_death":750303,"minecraft:total_world_time":755903,"minecraft:fly_one_cm":2802320},"minecraft:dropped":{"minecraft:black_concrete":1}},"DataVersion":3700}