{"stats":{"minecraft:used":{"minecraft:repeater":10,"minecraft:firework_rocket":150,"minecraft:redstone_block":13},"minecraft:picked_up":{"minecraft:firework_rocket":384},"minecraft:custom":{"minecraft:jump":1352,"minecraft:time_since_rest":1247916,"minecraft:crouch_one_cm":1484,"minecraft:leave_game":1,"minecraft:sprint_one_cm":222152,"minecraft:play_time":1247916,"minecraft:time_since_death":1247916,"minecraft:walk_one_cm":6843,"minecraft:sneak_time":118433,"minecraft:total_world_time":1247916,"minecraft:fly_one_cm":8051296}},"DataVersion":3700}