{"stats":{"minecraft:used":{"minecraft:redstone_torch":51,"minecraft:oak_log":16,"minecraft:sticky_piston":4,"minecraft:lever":24,"minecraft:trident":247,"minecraft:end_rod":3,"minecraft:bookshelf":8,"minecraft:trader_llama_spawn_egg":3,"minecraft:firework_rocket":55,"minecraft:villager_spawn_egg":23,"minecraft:dispenser":6,"minecraft:redstone":114,"minecraft:lime_wool":2,"minecraft:oak_sign":8,"minecraft:chest":3,"minecraft:tinted_glass":52,"minecraft:sheep_spawn_egg":2,"minecraft:yellow_wool":1,"minecraft:repeater":17,"minecraft:redstone_lamp":5,"minecraft:anvil":60,"minecraft:emerald_block":49,"minecraft:iron_trapdoor":3,"minecraft:wolf_spawn_egg":3,"minecraft:red_bed":6,"minecraft:oak_wood":43,"minecraft:splash_potion":179},"minecraft:picked_up":{"minecraft:repeater":2,"minecraft:leather":1,"minecraft:redstone":15,"minecraft:lever":1,"minecraft:end_rod":1,"minecraft:chest":1,"minecraft:cod":1},"minecraft:custom":{"minecraft:time_since_rest":5528138,"minecraft:sprint_one_cm":1814,"minecraft:walk_one_cm":79557,"minecraft:mob_kills":8,"minecraft:interact_with_anvil":6,"minecraft:drop":2,"minecraft:damage_dealt":400,"minecraft:talked_to_villager":100,"minecraft:fly_one_cm":21087106,"minecraft:open_chest":13,"minecraft:crouch_one_cm":1479,"minecraft:play_time":5528138,"minecraft:sneak_time":114671,"minecraft:jump":153,"minecraft:leave_game":3,"minecraft:time_since_death":5528138,"minecraft:total_world_time":5528728,"minecraft:inspect_dispenser":3},"minecraft:dropped":{"minecraft:chest":1,"minecraft:splash_potion":1},"minecraft:killed":{"minecraft:sheep":1,"minecraft:wolf":3,"minecraft:dolphin":1,"minecraft:cow":3}},"DataVersion":3700}