{"stats":{"minecraft:used":{"minecraft:redstone_torch":203,"minecraft:trident":579,"minecraft:lever":12,"minecraft:black_concrete":76,"minecraft:writable_book":14,"minecraft:cow_spawn_egg":26,"minecraft:trader_llama_spawn_egg":7,"minecraft:firework_rocket":539,"minecraft:iron_block":4,"minecraft:bread":186,"minecraft:dispenser":2,"minecraft:panda_spawn_egg":10,"minecraft:redstone":201,"minecraft:lime_wool":27,"minecraft:oak_sign":35,"minecraft:smooth_sandstone_slab":4,"minecraft:llama_spawn_egg":5,"minecraft:yellow_wool":9,"minecraft:light_gray_wool":206,"minecraft:dolphin_spawn_egg":34,"minecraft:diamond_block":174,"minecraft:repeater":19,"minecraft:redstone_lamp":58,"minecraft:anvil":79,"minecraft:bow":129,"minecraft:emerald_block":5,"minecraft:white_concrete":64,"minecraft:splash_potion":1235},"minecraft:picked_up":{"minecraft:repeater":1,"minecraft:leather":2,"minecraft:redstone":19,"minecraft:redstone_torch":1},"minecraft:custom":{"minecraft:time_since_rest":4870618,"minecraft:sprint_one_cm":3782,"minecraft:walk_one_cm":30994,"minecraft:interact_with_anvil":8,"minecraft:mob_kills":71,"minecraft:talked_to_villager":13,"minecraft:fly_one_cm":6191316,"minecraft:open_chest":12,"minecraft:crouch_one_cm":5052,"minecraft:play_time":4870618,"minecraft:sneak_time":172932,"minecraft:aviate_one_cm":2905192,"minecraft:jump":157,"minecraft:leave_game":3,"minecraft:time_since_death":4870618,"minecraft:total_world_time":4870618,"minecraft:inspect_dispenser":1},"minecraft:killed":{"minecraft:sheep":1,"minecraft:trader_llama":11,"minecraft:panda":7,"minecraft:llama":2,"minecraft:dolphin":17,"minecraft:villager":15,"minecraft:cow":14}},"DataVersion":3700}