{"stats":{"minecraft:used":{"minecraft:redstone_torch":2,"minecraft:trident":2983,"minecraft:light_gray_wool":38,"minecraft:mutton":9,"minecraft:beef":53,"minecraft:redstone":1,"minecraft:pink_stained_glass":107,"minecraft:cod":178},"minecraft:picked_up":{"minecraft:arrow":319,"minecraft:repeater":1,"minecraft:chipped_anvil":94,"minecraft:leather":25,"minecraft:beef":28,"minecraft:bamboo":7,"minecraft:redstone":2,"minecraft:mutton":2,"minecraft:cod":11,"minecraft:white_wool":1},"minecraft:custom":{"minecraft:time_since_rest":5026698,"minecraft:crouch_one_cm":27,"minecraft:play_time":5026698,"minecraft:sprint_one_cm":57439,"minecraft:walk_one_cm":95549,"minecraft:sneak_time":46952,"minecraft:mob_kills":37,"minecraft:interact_with_anvil":3,"minecraft:drop":7,"minecraft:jump":212,"minecraft:leave_game":9,"minecraft:time_since_death":5026698,"minecraft:total_world_time":5026698,"minecraft:target_hit":2,"minecraft:talked_to_villager":57,"minecraft:fly_one_cm":16627660},"minecraft:dropped":{"minecraft:bamboo":7},"minecraft:killed":{"minecraft:trader_llama":2,"minecraft:dolphin":11,"minecraft:panda":2,"minecraft:villager":7,"minecraft:llama":2,"minecraft:cow":8}},"DataVersion":3700}